{"cameraMode":{"drawMode":0,"name":"Shaded","section":"Shading Mode"},"sceneLighting":false,"audioPlay":false,"sceneViewState":{"showFog":true,"showMaterialUpdate":false,"showSkybox":false,"showFlares":true,"showImageEffects":true,"showParticleSystems":true},"in2DMode":false,"pivot":{"x":-0.44999998807907107,"y":2.0399999618530275,"z":2.200000047683716},"rotation":{"x":-0.32942384481430056,"y":0.28322702646255495,"z":-0.10429105162620545,"w":-0.8946505784988403},"size":0.8660253882408142,"orthographic":false}