{"cameraMode":{"drawMode":0,"name":"Shaded","section":"Shading Mode"},"sceneLighting":true,"audioPlay":false,"sceneViewState":{"showFog":true,"showMaterialUpdate":false,"showSkybox":false,"showFlares":true,"showImageEffects":true,"showParticleSystems":true},"in2DMode":false,"pivot":{"x":-2.398303270339966,"y":1.8979170322418213,"z":-6.800000190734863},"rotation":{"x":-0.1331016570329666,"y":-0.8629644513130188,"z":0.2973308563232422,"w":-0.3863002359867096},"size":2.7263872623443605,"orthographic":false}