{"cameraMode":{"drawMode":0,"name":"Shaded","section":"Shading Mode"},"sceneLighting":false,"audioPlay":false,"sceneViewState":{"showFog":true,"showMaterialUpdate":false,"showSkybox":false,"showFlares":true,"showImageEffects":true,"showParticleSystems":true},"in2DMode":false,"pivot":{"x":-4.263207912445068,"y":1.7784245014190674,"z":2.1173291206359865},"rotation":{"x":-0.20780526101589204,"y":-0.7185911536216736,"z":0.24157735705375672,"w":-0.618142306804657},"size":1.4628335237503052,"orthographic":false}